"","barcode","auc"
"1","barcode1",0.510366883660872
"2","barcode2",0.542296641156461
"3","barcode3",0.524604592151677
"4","barcode4",0.534403000125976
"5","barcode5",0.549686444003527
"6","barcode6",0.440461333459308
"7","barcode7",0.483692338435374
"8","barcode8",0.42736897297808
"9","barcode9",0.457524338309396
"10","barcode10",0.503279651360545
"11","barcode11",0.457348533320736
"12","barcode12",0.401308169564124
"13","barcode13",0.505264173910305
"14","barcode14",0.492209868984631
"15","barcode15",0.516788469702695
"16","barcode16",0.521295803413959
"17","barcode17",0.520381650289745
"18","barcode18",0.520062109158478
"19","barcode19",0.501856385109599
"20","barcode20",0.448040507054672
"21","barcode21",0.474936077412446
"22","barcode22",0.505512301587302
"23","barcode23",0.483392880133535
"24","barcode24",0.498048107520786
"25","barcode25",0.487136714537667
"26","barcode26",0.471023670949861
"27","barcode27",0.450162356387
"28","barcode28",0.458262504724113
"29","barcode29",0.462206740677752
"30","barcode30",0.472665034013606
"31","barcode31",0.491978548122952
"32","barcode32",0.497973788737717
"33","barcode33",0.476288679138323
"34","barcode34",0.544979860481227
"35","barcode35",0.500926222285211
"36","barcode36",0.539135918052405
"37","barcode37",0.553947102859663
"38","barcode38",0.514333752519526
"39","barcode39",0.547133778974552
"40","barcode40",0.45071916824137
"41","barcode41",0.495373947782817
"42","barcode42",0.489453457420005
"43","barcode43",0.487977580309901
"44","barcode44",0.480032743449232
"45","barcode45",0.477504891660368
"46","barcode46",0.491579478143109
"47","barcode47",0.467662068531115
"48","barcode48",0.515978860859158
"49","barcode49",0.53288863063744
"50","barcode50",0.519089426177878
"51","barcode51",0.487333355064248
"52","barcode52",0.528412727072309
"53","barcode53",0.496760251007811
"54","barcode54",0.452644978898966
"55","barcode55",0.465774220521542
"56","barcode56",0.515606451247165
"57","barcode57",0.499854582388512
"58","barcode58",0.479397541887125
"59","barcode59",0.465836053476946
"60","barcode60",0.475052072310406
"61","barcode61",0.491729536092215
"62","barcode62",0.482387804862686
"63","barcode63",0.511040281872007
"64","barcode64",0.508380964978585
"65","barcode65",0.451230391471404
"66","barcode66",0.513821774061477
"67","barcode67",0.512175900100781
"68","barcode68",0.515959498614261
"69","barcode69",0.528855450050389
"70","barcode70",0.562694082577474
"71","barcode71",0.547583107835727
"72","barcode72",0.525508361678006
"73","barcode73",0.474174340199044
"74","barcode74",0.465957458742758
"75","barcode75",0.49514953483245
"76","barcode76",0.486940452254975
"77","barcode77",0.500607295918367
"78","barcode78",0.462459043524818
"79","barcode79",0.462023558201059
"80","barcode80",0.478076672335601
"81","barcode81",0.528460279982364
"82","barcode82",0.517534228080122
"83","barcode83",0.5156037260645
"84","barcode84",0.513404493890149
"85","barcode85",0.508097642353238
"86","barcode86",0.478275158415219
"87","barcode87",0.470759136117409
"88","barcode88",0.454051057571176
"89","barcode89",0.460597884227766
"90","barcode90",0.52481396951373
"91","barcode91",0.464315155895691
"92","barcode92",0.444777887692113
"93","barcode93",0.476084609158479
"94","barcode94",0.477094178634418
"95","barcode95",0.45484375818846
"96","barcode96",0.516358901171579
"97","barcode97",0.493845007558578
"98","barcode98",0.474921790438397
"99","barcode99",0.468754229024943
"100","barcode100",0.51671324798438
"101","barcode101",0.508087727387251
"102","barcode102",0.535189008881331
"103","barcode103",0.544131888070043
"104","barcode104",0.554902052784077
"105","barcode105",0.547011615961199
"106","barcode106",0.487590444066515
"107","barcode107",0.508042381582262
"108","barcode108",0.491317179075335
"109","barcode109",0.499526482111363
"110","barcode110",0.540135945452255
"111","barcode111",0.475935028344671
"112","barcode112",0.440180391471402
"113","barcode113",0.474001722726128
"114","barcode114",0.561057324892919
"115","barcode115",0.574360213844797
"116","barcode116",0.51165586766188
"117","barcode117",0.533684464285715
"118","barcode118",0.51378586419753
"119","barcode119",0.466982630700427
"120","barcode120",0.453969179579238
"121","barcode121",0.483663900856639
"122","barcode122",0.396211754220207
"123","barcode123",0.424076917044596
"124","barcode124",0.473315779163518
"125","barcode125",0.50276156431091
"126","barcode126",0.473893047367094
"127","barcode127",0.531150539178634
"128","barcode128",0.49495763479466
"129","barcode129",0.506514976064499
"130","barcode130",0.508967259385235
"131","barcode131",0.517509558453011
"132","barcode132",0.514071209057698
"133","barcode133",0.503286127173091
"134","barcode134",0.504450378558831
"135","barcode135",0.506449585537919
"136","barcode136",0.489829435311163
"137","barcode137",0.531905152431342
"138","barcode138",0.515854262093727
"139","barcode139",0.500802474804736
"140","barcode140",0.485533241370622
"141","barcode141",0.49440283856135
"142","barcode142",0.517388102481732
"143","barcode143",0.517182656525572
"144","barcode144",0.509480014172335
"145","barcode145",0.502634607583774
"146","barcode146",0.509424228395062
"147","barcode147",0.559962993197281
"148","barcode148",0.541483843537415
"149","barcode149",0.50984390495087
"150","barcode150",0.582719825837744
"151","barcode151",0.524593763227513
"152","barcode152",0.532596506361804
"153","barcode153",0.463317823759132
"154","barcode154",0.43548644463341
"155","barcode155",0.465512130574453
"156","barcode156",0.439170722789115
"157","barcode157",0.508975221088434
"158","barcode158",0.474714798752835
"159","barcode159",0.509657799508693
"160","barcode160",0.547855686255984
"161","barcode161",0.544362136873267
"162","barcode162",0.520393061224491
"163","barcode163",0.535596130952382
"164","barcode164",0.473926864764424
"165","barcode165",0.518874102418745
"166","barcode166",0.557299312484252
"167","barcode167",0.500987328042329
"168","barcode168",0.48677526643991
"169","barcode169",0.545990519652306
"170","barcode170",0.512170554295793
"171","barcode171",0.520098700869237
"172","barcode172",0.482630528470646
"173","barcode173",0.536589780486268
"174","barcode174",0.574338606386997
"175","barcode175",0.488133568594104
"176","barcode176",0.505729957168052
"177","barcode177",0.478162574326027
"178","barcode178",0.537555775699169
"179","barcode179",0.513844280045351
"180","barcode180",0.580858529226506
"181","barcode181",0.509971160871756
"182","barcode182",0.510792095930965
"183","barcode183",0.577759075018896
"184","barcode184",0.522513395061728
"185","barcode185",0.489374436255983
"186","barcode186",0.452745216364324
"187","barcode187",0.555384016124968
"188","barcode188",0.503693286092214
"189","barcode189",0.490369181468885
"190","barcode190",0.502385225497605
"191","barcode191",0.488193254283194
"192","barcode192",0.494091577853364
"193","barcode193",0.493068552532124
"194","barcode194",0.520432918556312
"195","barcode195",0.489348098702443
"196","barcode196",0.463304540501385
"197","barcode197",0.545268377110103
"198","barcode198",0.507518831254724
"199","barcode199",0.558316358024691
"200","barcode200",0.546998596938774
"201","barcode201",0.466066675799952
"202","barcode202",0.497351264487276
"203","barcode203",0.507254224615771
"204","barcode204",0.501539091395817
"205","barcode205",0.561608750314941
"206","barcode206",0.509710679957167
"207","barcode207",0.544455766880825
"208","barcode208",0.490700507999496
"209","barcode209",0.474305955845301
"210","barcode210",0.501214035336357
"211","barcode211",0.521413514424288
"212","barcode212",0.518999493260267
"213","barcode213",0.539219477513229
"214","barcode214",0.475737896825397
"215","barcode215",0.518068446712019
"216","barcode216",0.561135963718822
"217","barcode217",0.592813889203828
"218","barcode218",0.566770605316199
"219","barcode219",0.525756402746283
"220","barcode220",0.515465933484504
"221","barcode221",0.510066066389519
"222","barcode222",0.483814315948602
"223","barcode223",0.444319863630638
"224","barcode224",0.473379276266061
"225","barcode225",0.457769822373393
"226","barcode226",0.531839557508188
"227","barcode227",0.522327025069287
"228","barcode228",0.486345510519023
"229","barcode229",0.486279357520786
"230","barcode230",0.496302778407659
"231","barcode231",0.508989996850592
"232","barcode232",0.515754797808012
"233","barcode233",0.532409023053666
"234","barcode234",0.484165440287227
"235","barcode235",0.525476806815319
"236","barcode236",0.492117628180899
"237","barcode237",0.511803290186445
"238","barcode238",0.519476138510962
"239","barcode239",0.519315426429832
"240","barcode240",0.546613461514233
"241","barcode241",0.54044870275888
"242","barcode242",0.501336388573948
"243","barcode243",0.502827933673469
"244","barcode244",0.559423105316198
"245","barcode245",0.5462747537163
"246","barcode246",0.510831185122196
"247","barcode247",0.48724912005543
"248","barcode248",0.508309478143109
"249","barcode249",0.521837239229025
"250","barcode250",0.533183687011844
"251","barcode251",0.538927358591584
"252","barcode252",0.565404383345932
"253","barcode253",0.507419566641471
"254","barcode254",0.501535197467875
"255","barcode255",0.489632390715545
"256","barcode256",0.55256706160242
"257","barcode257",0.435409466490299
"258","barcode258",0.482900463907784
"259","barcode259",0.443738081380701
"260","barcode260",0.474962741244646
"261","barcode261",0.477167021919878
"262","barcode262",0.447322915406903
"263","barcode263",0.495187383471907
"264","barcode264",0.483512503149409
"265","barcode265",0.527749461766188
"266","barcode266",0.510678314751827
"267","barcode267",0.524151917359537
"268","barcode268",0.509456797052155
"269","barcode269",0.520195946082137
"270","barcode270",0.514119905832704
"271","barcode271",0.508930662320484
"272","barcode272",0.517156423847316
"273","barcode273",0.507139131393297
"274","barcode274",0.552261324640967
"275","barcode275",0.486836763038549
"276","barcode276",0.506388357898715
"277","barcode277",0.499769077223482
"278","barcode278",0.523611206853111
"279","barcode279",0.505045627676997
"280","barcode280",0.445101676429831
"281","barcode281",0.469566592655581
"282","barcode282",0.538838998803224
"283","barcode283",0.521223773305618
"284","barcode284",0.532851607142857
"285","barcode285",0.504506515810029
"286","barcode286",0.505941495023935
"287","barcode287",0.562566101347946
"288","barcode288",0.492923279478457
"289","barcode289",0.485725279037541
"290","barcode290",0.559164598450492
"291","barcode291",0.529309121630132
"292","barcode292",0.505829903628118
"293","barcode293",0.489372645502645
"294","barcode294",0.490929055492568
"295","barcode295",0.507288044532627
"296","barcode296",0.519000569727889
"297","barcode297",0.471510507054674
"298","barcode298",0.558729499244144
"299","barcode299",0.541503907470397
"300","barcode300",0.519400753338371
"301","barcode301",0.56066273872512
"302","barcode302",0.497244233434114
"303","barcode303",0.508043105001261
"304","barcode304",0.514299715608467
"305","barcode305",0.576296323381205
"306","barcode306",0.510801086230788
"307","barcode307",0.502051572184428
"308","barcode308",0.530981145754598
"309","barcode309",0.45024578073822
"310","barcode310",0.523656257243639
"311","barcode311",0.497454528218695
"312","barcode312",0.521364474678761
"313","barcode313",0.46328932382212
"314","barcode314",0.479852614323505
"315","barcode315",0.503722811476443
"316","barcode316",0.527867777777777
"317","barcode317",0.543977339380197
"318","barcode318",0.567714358465608
"319","barcode319",0.542525974111869
"320","barcode320",0.536921096938778
"321","barcode321",0.493972346308894
"322","barcode322",0.504736740362812
"323","barcode323",0.558924136747292
"324","barcode324",0.654386234882841
"325","barcode325",0.527166630763416
"326","barcode326",0.525607369299572
"327","barcode327",0.504996413139329
"328","barcode328",0.465999780171328
"329","barcode329",0.498935901360544
"330","barcode330",0.502856839569161
"331","barcode331",0.529176671705721
"332","barcode332",0.504700846245904
"333","barcode333",0.523368592529605
"334","barcode334",0.497942688334593
"335","barcode335",0.531044953703705
"336","barcode336",0.521954302721089
"337","barcode337",0.504962982489291
"338","barcode338",0.585564157533384
"339","barcode339",0.520942673532376
"340","barcode340",0.488902180335096
"341","barcode341",0.527687607079869
"342","barcode342",0.478672957294029
"343","barcode343",0.468259348387503
"344","barcode344",0.501917917296549
"345","barcode345",0.47685885361552
"346","barcode346",0.492968257747543
"347","barcode347",0.511141880511464
"348","barcode348",0.53656570830184
"349","barcode349",0.563841880511464
"350","barcode350",0.509247085852859
"351","barcode351",0.523727215608465
"352","barcode352",0.560721165595868
"353","barcode353",0.536002633534896
"354","barcode354",0.532932630385488
"355","barcode355",0.515706395187705
"356","barcode356",0.580163348450491
"357","barcode357",0.569771277084907
"358","barcode358",0.499898901801461
"359","barcode359",0.541032361740993
"360","barcode360",0.553936951058201
"361","barcode361",0.513674025258251
"362","barcode362",0.452290997732427
"363","barcode363",0.463149499244142
"364","barcode364",0.528837509133283
"365","barcode365",0.491915599332325
"366","barcode366",0.486355552091207
"367","barcode367",0.49503041414714
"368","barcode368",0.474579663643237
"369","barcode369",0.483526413769212
"370","barcode370",0.500975225182666
"371","barcode371",0.516471497228521
"372","barcode372",0.503939833396321
"373","barcode373",0.540394247921391
"374","barcode374",0.563162339695139
"375","barcode375",0.447488354434368
"376","barcode376",0.519143030360293
"377","barcode377",0.482958685122196
"378","barcode378",0.430228436004032
"379","barcode379",0.494979872134039
"380","barcode380",0.508552212144116
"381","barcode381",0.485872005542958
"382","barcode382",0.544407406147645
"383","barcode383",0.498519541761148
"384","barcode384",0.522611515180147
"385","barcode385",0.546469866150164
"386","barcode386",0.529250550831445
"387","barcode387",0.549023361992945
"388","barcode388",0.535556688397581
"389","barcode389",0.49704914430587
"390","barcode390",0.52986742472915
"391","barcode391",0.565105987024441
"392","barcode392",0.501543015243135
"393","barcode393",0.494512756676745
"394","barcode394",0.489271275825146
"395","barcode395",0.501227111048123
"396","barcode396",0.468338065318721
"397","barcode397",0.503190150541696
"398","barcode398",0.521356793587806
"399","barcode399",0.506197602040816
"400","barcode400",0.472059871819099
"401","barcode401",0.477102776832956
"402","barcode402",0.529205388951877
"403","barcode403",0.545475927500628
"404","barcode404",0.539818514109345
"405","barcode405",0.512454359410431
"406","barcode406",0.488400521541952
"407","barcode407",0.487305045666416
"408","barcode408",0.549704834656086
"409","barcode409",0.430488939909296
"410","barcode410",0.506627576530613
"411","barcode411",0.489450595553037
"412","barcode412",0.490209756235828
"413","barcode413",0.529369106198035
"414","barcode414",0.526532380007558
"415","barcode415",0.535469171075837
"416","barcode416",0.54717847537163
"417","barcode417",0.519094990236834
"418","barcode418",0.499490113063745
"419","barcode419",0.551191980347695
"420","barcode420",0.547685587679517
"421","barcode421",0.55010929516251
"422","barcode422",0.495139793398841
"423","barcode423",0.492879699231544
"424","barcode424",0.510045757117661
"425","barcode425",0.468431099773243
"426","barcode426",0.466781892794154
"427","barcode427",0.473946646195515
"428","barcode428",0.442503310657598
"429","barcode429",0.478446485890652
"430","barcode430",0.48884539808516
"431","barcode431",0.530802992252456
"432","barcode432",0.454245471781305
"433","barcode433",0.524813771415974
"434","barcode434",0.505856020408163
"435","barcode435",0.511193489543965
"436","barcode436",0.52195874968506
"437","barcode437",0.563433979276897
"438","barcode438",0.513007590702948
"439","barcode439",0.531459405391786
"440","barcode440",0.463623027840765
"441","barcode441",0.527106595490048
"442","barcode442",0.497638545918369
"443","barcode443",0.483056854371379
"444","barcode444",0.510576089065257
"445","barcode445",0.5161160755228
"446","barcode446",0.509191065444697
"447","barcode447",0.538424280990173
"448","barcode448",0.546471259763165
"449","barcode449",0.534766364008567
"450","barcode450",0.499891302910053
"451","barcode451",0.518816410619804
"452","barcode452",0.559191440224237
"453","barcode453",0.521154682854624
"454","barcode454",0.561449985512726
"455","barcode455",0.548949892290249
"456","barcode456",0.543688236331569
"457","barcode457",0.501447728017133
"458","barcode458",0.504528579931973
"459","barcode459",0.468588116339128
"460","barcode460",0.500274603804485
"461","barcode461",0.515469469324768
"462","barcode462",0.515551498173344
"463","barcode463",0.44884082797934
"464","barcode464",0.463999292328043
"465","barcode465",0.471835898211136
"466","barcode466",0.480036852796673
"467","barcode467",0.510107629440665
"468","barcode468",0.511680753023432
"469","barcode469",0.543422119866467
"470","barcode470",0.506781450302343
"471","barcode471",0.558413413328295
"472","barcode472",0.447220207231039
"473","barcode473",0.514209665217938
"474","barcode474",0.51105067680776
"475","barcode475",0.499955867346939
"476","barcode476",0.441047294973546
"477","barcode477",0.513632102859663
"478","barcode478",0.532984643487025
"479","barcode479",0.521873725749558
"480","barcode480",0.517361100403123
"481","barcode481",0.590743542454018
"482","barcode482",0.513296288422776
"483","barcode483",0.500150189279416
"484","barcode484",0.537570341395817
"485","barcode485",0.494582443310659
"486","barcode486",0.521444796233308
"487","barcode487",0.537619247606451
"488","barcode488",0.553413282312924
"489","barcode489",0.547976237717309
"490","barcode490",0.521696689657345
"491","barcode491",0.479866187011842
"492","barcode492",0.513615567523306
"493","barcode493",0.533945800579491
"494","barcode494",0.51363648494583
"495","barcode495",0.525722300327537
"496","barcode496",0.485801967750063
"497","barcode497",0.468406205593348
"498","barcode498",0.445449589002267
"499","barcode499",0.430830369740488
"500","barcode500",0.438222262849585
"501","barcode501",0.488657876354246
"502","barcode502",0.523289001637692
"503","barcode503",0.489561367787856
"504","barcode504",0.504955973481985
"505","barcode505",0.494472366780046
"506","barcode506",0.513306164336104
"507","barcode507",0.458048233812044
"508","barcode508",0.457454698286722
"509","barcode509",0.487671193625599
"510","barcode510",0.494509876543209
"511","barcode511",0.491929654195012
"512","barcode512",0.506531133786849
"513","barcode513",0.537340294784579
"514","barcode514",0.597940001889642
"515","barcode515",0.537179641597379
"516","barcode516",0.535960073066264
"517","barcode517",0.498752699357521
"518","barcode518",0.517048602607709
"519","barcode519",0.571109090136054
"520","barcode520",0.541788434429328
"521","barcode521",0.490136008440414
"522","barcode522",0.533071480536661
"523","barcode523",0.468798180901989
"524","barcode524",0.479329779226507
"525","barcode525",0.470317049004788
"526","barcode526",0.491417751322753
"527","barcode527",0.527367395754598
"528","barcode528",0.505123316956412
"529","barcode529",0.473066751385738
"530","barcode530",0.424038071302593
"531","barcode531",0.529882063177122
"532","barcode532",0.429082180020156
"533","barcode533",0.484328807949106
"534","barcode534",0.510190230536659
"535","barcode535",0.536474302721089
"536","barcode536",0.516762075459813
"537","barcode537",0.49388852670698
"538","barcode538",0.486728265936003
"539","barcode539",0.524166935941044
"540","barcode540",0.44052558484505
"541","barcode541",0.520260252582514
"542","barcode542",0.512475527210884
"543","barcode543",0.523427241748552
"544","barcode544",0.525093126102293
"545","barcode545",0.567004031557068
"546","barcode546",0.541840030864198
"547","barcode547",0.521456403061225
"548","barcode548",0.65314778691106
"549","barcode549",0.536937525825145
"550","barcode550",0.593993885739484
"551","barcode551",0.508676885865458
"552","barcode552",0.536823510959939
"553","barcode553",0.520032929579239
"554","barcode554",0.539296415973797
"555","barcode555",0.472135629881583
"556","barcode556",0.507324084782062
"557","barcode557",0.461985482489293
"558","barcode558",0.522512120811288
"559","barcode559",0.487460048500881
"560","barcode560",0.501516168430336
"561","barcode561",0.519518880385487
"562","barcode562",0.511329657659359
"563","barcode563",0.485685989543966
"564","barcode564",0.434968874401612
"565","barcode565",0.477787582829428
"566","barcode566",0.475169572625345
"567","barcode567",0.479660743260266
"568","barcode568",0.500776471403375
"569","barcode569",0.494960644998742
"570","barcode570",0.510199684429327
"571","barcode571",0.432500632716048
"572","barcode572",0.476462757621567
"573","barcode573",0.485506080561854
"574","barcode574",0.493612974615771
"575","barcode575",0.498305317460318
"576","barcode576",0.481386678319477
"577","barcode577",0.509084442869739
"578","barcode578",0.567927163958176
"579","barcode579",0.51751722537163
"580","barcode580",0.61980280643739
"581","barcode581",0.602986843033509
"582","barcode582",0.584475232111362
"583","barcode583",0.530627392605191
"584","barcode584",0.553650039367599
"585","barcode585",0.49180323633157
"586","barcode586",0.525279087616529
"587","barcode587",0.492461666981608
"588","barcode588",0.41365119394054
"589","barcode589",0.49538697814311
"590","barcode590",0.51407632149156
"591","barcode591",0.522253774565381
"592","barcode592",0.495393553162006
"593","barcode593",0.510400972852105
"594","barcode594",0.509739504598136
"595","barcode595",0.472763332703452
"596","barcode596",0.49087463372386
"597","barcode597",0.497795121567146
"598","barcode598",0.501052892416225
"599","barcode599",0.475172391345427
"600","barcode600",0.516414088246409
"601","barcode601",0.46403572436382
"602","barcode602",0.496037643927942
"603","barcode603",0.533862514802218
"604","barcode604",0.540907784391535
"605","barcode605",0.515069193436635
"606","barcode606",0.494643578042328
"607","barcode607",0.528339390589569
"608","barcode608",0.582334233119176
"609","barcode609",0.524375139518771
"610","barcode610",0.52512205813807
"611","barcode611",0.566793356638952
"612","barcode612",0.54468814121945
"613","barcode613",0.556307963277903
"614","barcode614",0.600501515495087
"615","barcode615",0.54092695452255
"616","barcode616",0.51909487244898
"617","barcode617",0.499583345616023
"618","barcode618",0.517635906399597
"619","barcode619",0.509720010078106
"620","barcode620",0.476507783131772
"621","barcode621",0.446899938586547
"622","barcode622",0.489474193436634
"623","barcode623",0.50529306531872
"624","barcode624",0.478503909989921
"625","barcode625",0.488577175925927
"626","barcode626",0.40301983623079
"627","barcode627",0.498174934177375
"628","barcode628",0.483833172713528
"629","barcode629",0.485095917107583
"630","barcode630",0.513823699609473
"631","barcode631",0.533574557508189
"632","barcode632",0.554007074829931
"633","barcode633",0.499103562295288
"634","barcode634",0.510201461955153
"635","barcode635",0.528580622952886
"636","barcode636",0.475367783446712
"637","barcode637",0.482259411060719
"638","barcode638",0.499216882086169
"639","barcode639",0.470194353111616
"640","barcode640",0.520539190602167
"641","barcode641",0.493857849584278
"642","barcode642",0.478954640337617
"643","barcode643",0.493996548248929
"644","barcode644",0.526533861174099
"645","barcode645",0.523573824326027
"646","barcode646",0.504086840199042
"647","barcode647",0.547003267195767
"648","barcode648",0.517560619173596
"649","barcode649",0.48082997165533
"650","barcode650",0.50115266723356
"651","barcode651",0.485817365205342
"652","barcode652",0.502277363000755
"653","barcode653",0.439846545099521
"654","barcode654",0.472502865646258
"655","barcode655",0.433749594986142
"656","barcode656",0.507775427374653
"657","barcode657",0.453828912824387
"658","barcode658",0.488981118984631
"659","barcode659",0.491414310909549
"660","barcode660",0.490598345930963
"661","barcode661",0.559418607646761
"662","barcode662",0.508898442932727
"663","barcode663",0.540671339128244
"664","barcode664",0.525460471781305
"665","barcode665",0.509646840513984
"666","barcode666",0.500445497921392
"667","barcode667",0.499648394116908
"668","barcode668",0.523688773305618
"669","barcode669",0.482118283572689
"670","barcode670",0.477345065507684
"671","barcode671",0.504221002456539
"672","barcode672",0.517459826782565
"673","barcode673",0.4788082404258
"674","barcode674",0.472739710254473
"675","barcode675",0.492757090576971
"676","barcode676",0.511732933358529
"677","barcode677",0.468578661816579
"678","barcode678",0.483570227387251
"679","barcode679",0.510422184744267
"680","barcode680",0.520005078735198
"681","barcode681",0.533582123960695
"682","barcode682",0.502419630889392
"683","barcode683",0.503522064436886
"684","barcode684",0.496547526140086
"685","barcode685",0.513428227828167
"686","barcode686",0.427063089569159
"687","barcode687",0.56232019053918
"688","barcode688",0.537450057319224
"689","barcode689",0.537602578420257
"690","barcode690",0.5733169186193
"691","barcode691",0.478237173406399
"692","barcode692",0.455240050390528
"693","barcode693",0.503223411123709
"694","barcode694",0.560437685500127
"695","barcode695",0.520919024943311
"696","barcode696",0.534613997543461
"697","barcode697",0.522784594671202
"698","barcode698",0.483366268581507
"699","barcode699",0.523352165217939
"700","barcode700",0.557296807760139
"701","barcode701",0.537643235701689
"702","barcode702",0.509464870874275
"703","barcode703",0.462127702191988
"704","barcode704",0.477409717498111
"705","barcode705",0.434270768770469
"706","barcode706",0.38942922461577
"707","barcode707",0.455219607268834
"708","barcode708",0.444357666288738
"709","barcode709",0.471674278785589
"710","barcode710",0.434886986016627
"711","barcode711",0.436798310657595
"712","barcode712",0.516838377425043
"713","barcode713",0.494649128243893
"714","barcode714",0.510975742000504
"715","barcode715",0.483483434429328
"716","barcode716",0.503138795666415
"717","barcode717",0.530029746472663
"718","barcode718",0.528628521982866
"719","barcode719",0.54366830782313
"720","barcode720",0.514969131078357
"721","barcode721",0.507573276014109
"722","barcode722",0.528581322121442
"723","barcode723",0.461577970836483
"724","barcode724",0.447208589695135
"725","barcode725",0.460429262723607
"726","barcode726",0.476435691295036
"727","barcode727",0.550483822751321
"728","barcode728",0.530409099269337
"729","barcode729",0.542601648085161
"730","barcode730",0.508985771289997
"731","barcode731",0.502695431468884
"732","barcode732",0.527438500566893
"733","barcode733",0.555136840199044
"734","barcode734",0.603465345175111
"735","barcode735",0.518026937515747
"736","barcode736",0.519241148904006
"737","barcode737",0.514600560909549
"738","barcode738",0.509225386747292
"739","barcode739",0.428114532312926
"740","barcode740",0.513893229402872
"741","barcode741",0.474758460884353
"742","barcode742",0.4700096494709
"743","barcode743",0.516398137755103
"744","barcode744",0.433968349395313
"745","barcode745",0.493569411690601
"746","barcode746",0.479881275510204
"747","barcode747",0.48537995244394
"748","barcode748",0.488807783446712
"749","barcode749",0.532094168556312
"750","barcode750",0.519818637251197
"751","barcode751",0.52831094702696
"752","barcode752",0.517952399533887
"753","barcode753",0.487909247921391
"754","barcode754",0.49394635361552
"755","barcode755",0.521949380511464
"756","barcode756",0.437622326152683
"757","barcode757",0.499510953325775
"758","barcode758",0.498020321869489
"759","barcode759",0.485504604749307
"760","barcode760",0.558355563429075
"761","barcode761",0.52308063303099
"762","barcode762",0.53790606764928
"763","barcode763",0.494275626102294
"764","barcode764",0.508107616528093
"765","barcode765",0.522453617094987
"766","barcode766",0.541701565255733
"767","barcode767",0.547557286785082
"768","barcode768",0.529164647896194
"769","barcode769",0.510797285840262
"770","barcode770",0.516028675673973
"771","barcode771",0.508119698916603
"772","barcode772",0.49911318058705
"773","barcode773",0.491622035147391
"774","barcode774",0.45178129377677
"775","barcode775",0.441515777903754
"776","barcode776",0.453950093222473
"777","barcode777",0.490426076782564
"778","barcode778",0.502634933862432
"779","barcode779",0.474225287226001
"780","barcode780",0.493953838498362
"781","barcode781",0.481707354812294
"782","barcode782",0.493062657155455
"783","barcode783",0.512525983875031
"784","barcode784",0.559519525384228
"785","barcode785",0.528482557004283
"786","barcode786",0.49320515526581
"787","barcode787",0.49505178287982
"788","barcode788",0.483069313744015
"789","barcode789",0.48255355473671
"790","barcode790",0.485086788548753
"791","barcode791",0.496567727072311
"792","barcode792",0.475009032816831
"793","barcode793",0.484477785966238
"794","barcode794",0.541572262849583
"795","barcode795",0.521321755794911
"796","barcode796",0.518004801902241
"797","barcode797",0.525724457986899
"798","barcode798",0.495712313555052
"799","barcode799",0.551526885550514
"800","barcode800",0.557083513164524
"801","barcode801",0.523241855946082
"802","barcode802",0.564853074137062
"803","barcode803",0.537999221781306
"804","barcode804",0.533994663013353
"805","barcode805",0.462194691358025
"806","barcode806",0.509017024439406
"807","barcode807",0.499717299697656
"808","barcode808",0.530408437578738
"809","barcode809",0.450172357016881
"810","barcode810",0.444770095742001
"811","barcode811",0.454563438838497
"812","barcode812",0.475077357331821
"813","barcode813",0.442964564121946
"814","barcode814",0.477602243638196
"815","barcode815",0.503414435311162
"816","barcode816",0.513936890904509
"817","barcode817",0.507774157218442
"818","barcode818",0.544287187578735
"819","barcode819",0.577459521919879
"820","barcode820",0.49858976158982
"821","barcode821",0.46722924351222
"822","barcode822",0.461002768329554
"823","barcode823",0.45344911218191
"824","barcode824",0.482800687830688
"825","barcode825",0.447888624023684
"826","barcode826",0.490597394179892
"827","barcode827",0.510327014991182
"828","barcode828",0.538378279163517
"829","barcode829",0.452311486520535
"830","barcode830",0.494747394809776
"831","barcode831",0.501070958364827
"832","barcode832",0.584950962459057
"833","barcode833",0.537175584530107
"834","barcode834",0.49779288643235
"835","barcode835",0.520775309271857
"836","barcode836",0.513086304799698
"837","barcode837",0.515169895754598
"838","barcode838",0.465798444822373
"839","barcode839",0.52702881771227
"840","barcode840",0.498423298374906
"841","barcode841",0.51910344324767
"842","barcode842",0.604792720773498
"843","barcode843",0.472846725245653
"844","barcode844",0.422587776518014
"845","barcode845",0.44500477261275
"846","barcode846",0.457254979843789
"847","barcode847",0.460307253716301
"848","barcode848",0.508779687578736
"849","barcode849",0.566258130196522
"850","barcode850",0.595253549382715
"851","barcode851",0.594306948223736
"852","barcode852",0.559418102166793
"853","barcode853",0.506329942050894
"854","barcode854",0.460478736142607
"855","barcode855",0.501099503653313
"856","barcode856",0.504083043902746
"857","barcode857",0.487917925170067
"858","barcode858",0.497492503149408
"859","barcode859",0.504170328798186
"860","barcode860",0.51663369016125
"861","barcode861",0.565285499181154
"862","barcode862",0.522918298059963
"863","barcode863",0.50344029069035
"864","barcode864",0.505514570420761
"865","barcode865",0.507724398148148
"866","barcode866",0.489364618921643
"867","barcode867",0.47412042579995
"868","barcode868",0.549918613315696
"869","barcode869",0.552636440224237
"870","barcode870",0.505946630763415
"871","barcode871",0.505619282564877
"872","barcode872",0.584560459498615
"873","barcode873",0.558830672083648
"874","barcode874",0.531589363819602
"875","barcode875",0.56223408446712
"876","barcode876",0.563528613315696
"877","barcode877",0.487366402116404
"878","barcode878",0.465695165973798
"879","barcode879",0.433458469387754
"880","barcode880",0.496053167989418
"881","barcode881",0.510310620433358
"882","barcode882",0.547646607142857
"883","barcode883",0.634959515936002
"884","barcode884",0.578593468757874
"885","barcode885",0.593270454459562
"886","barcode886",0.562953289241622
"887","barcode887",0.508291243386243
"888","barcode888",0.522571290942303
"889","barcode889",0.576748532060973
"890","barcode890",0.49930352670698
"891","barcode891",0.496392285840262
"892","barcode892",0.532998431909801
"893","barcode893",0.525451757054675
"894","barcode894",0.53395746819098
"895","barcode895",0.535093323885109
"896","barcode896",0.504763668430335
"897","barcode897",0.495534564751827
"898","barcode898",0.508794107457797
"899","barcode899",0.486193401675485
"900","barcode900",0.482732683925422
"901","barcode901",0.546214832451499
"902","barcode902",0.529548834404132
"903","barcode903",0.528512817460318
"904","barcode904",0.554094638447973
"905","barcode905",0.52948315255732
"906","barcode906",0.526922185689092
"907","barcode907",0.482738357583775
"908","barcode908",0.527209007306627
"909","barcode909",0.5274776590451
"910","barcode910",0.5235433515999
"911","barcode911",0.480726810279666
"912","barcode912",0.443314673091457
"913","barcode913",0.459926867598891
"914","barcode914",0.538847304106829
"915","barcode915",0.54922755542958
"916","barcode916",0.619906189531368
"917","barcode917",0.692920580750818
"918","barcode918",0.57505204617032
"919","barcode919",0.536248116654069
"920","barcode920",0.52773376984127
"921","barcode921",0.506537777462837
"922","barcode922",0.544905661690602
"923","barcode923",0.448016923343411
"924","barcode924",0.495617260644999
"925","barcode925",0.567288436004031
"926","barcode926",0.595221431090955
"927","barcode927",0.553479396573445
"928","barcode928",0.489646372511967
"929","barcode929",0.558321403376165
"930","barcode930",0.490187200806249
"931","barcode931",0.48377581601159
"932","barcode932",0.474797140337617
"933","barcode933",0.490673500881833
"934","barcode934",0.505381592025699
"935","barcode935",0.511902387566138
"936","barcode936",0.492780011022928
"937","barcode937",0.503951017888639
"938","barcode938",0.535207140337617
"939","barcode939",0.541227964537667
"940","barcode940",0.512557139077856
"941","barcode941",0.478844973859914
"942","barcode942",0.485726268266566
"943","barcode943",0.508586340702948
"944","barcode944",0.482319970710506
"945","barcode945",0.470761457545981
"946","barcode946",0.496087111363065
"947","barcode947",0.439013101536909
"948","barcode948",0.501565788926681
"949","barcode949",0.491331275825145
"950","barcode950",0.555213752204586
"951","barcode951",0.53982851568405
"952","barcode952",0.517308438523558
"953","barcode953",0.506937207734947
"954","barcode954",0.514164950869236
"955","barcode955",0.506262901864449
"956","barcode956",0.511012188838498
"957","barcode957",0.494131545414462
"958","barcode958",0.583234114386496
"959","barcode959",0.541394457042076
"960","barcode960",0.542298365142353
"961","barcode961",0.47539275825145
"962","barcode962",0.507808004850088
"963","barcode963",0.506146788233811
"964","barcode964",0.494690927500629
"965","barcode965",0.455821028281681
"966","barcode966",0.487367647392292
"967","barcode967",0.520476604623332
"968","barcode968",0.501704528218694
"969","barcode969",0.477566916729654
"970","barcode970",0.479383548752835
"971","barcode971",0.525590649722853
"972","barcode972",0.502226042454019
"973","barcode973",0.529761339128245
"974","barcode974",0.500069726316451
"975","barcode975",0.489273158856136
"976","barcode976",0.487919692932729
"977","barcode977",0.513411292202066
"978","barcode978",0.480899641912321
"979","barcode979",0.471858146573444
"980","barcode980",0.48517888573948
"981","barcode981",0.472790479654825
"982","barcode982",0.517332474174855
"983","barcode983",0.484064168241369
"984","barcode984",0.513492238599144
"985","barcode985",0.533790678697405
"986","barcode986",0.455730880889393
"987","barcode987",0.502605764046358
"988","barcode988",0.522088600403125
"989","barcode989",0.546968966679265
"990","barcode990",0.498922737780297
"991","barcode991",0.53054086419753
"992","barcode992",0.50485942617788
"993","barcode993",0.516734103048627
"994","barcode994",0.490224676555808
"995","barcode995",0.510106433925423
"996","barcode996",0.492123659926933
"997","barcode997",0.408537938082638
"998","barcode998",0.496924651360544
"999","barcode999",0.54929541792643
"1000","barcode1000",0.440247612748803
"1001","barcode1001",0.515336407785336
"1002","barcode1002",0.49399953042328
"1003","barcode1003",0.480261042139078
"1004","barcode1004",0.484159086986648
"1005","barcode1005",0.527672370874277
"1006","barcode1006",0.513712832262535
"1007","barcode1007",0.503476927752583
"1008","barcode1008",0.509483883219956
"1009","barcode1009",0.494241704774503
"1010","barcode1010",0.479590423280423
"1011","barcode1011",0.483509806626354
"1012","barcode1012",0.451252865961198
"1013","barcode1013",0.479846981292517
"1014","barcode1014",0.430720403439155
"1015","barcode1015",0.490672697467876
"1016","barcode1016",0.474594012345679
"1017","barcode1017",0.568189821743515
"1018","barcode1018",0.598772737780298
"1019","barcode1019",0.531829105883094
"1020","barcode1020",0.507746162131519
"1021","barcode1021",0.500751720521541
"1022","barcode1022",0.536338949357521
"1023","barcode1023",0.528801803665911
"1024","barcode1024",0.528186351095994
"1025","barcode1025",0.50915727702192
"1026","barcode1026",0.516220753023432
"1027","barcode1027",0.549631788548754
"1028","barcode1028",0.520748844482237
"1029","barcode1029",0.453010686255983
"1030","barcode1030",0.48864586829176
"1031","barcode1031",0.575103646384479
"1032","barcode1032",0.533784381456286
"1033","barcode1033",0.510420222348198
"1034","barcode1034",0.467284847253715
"1035","barcode1035",0.550118090828925
"1036","barcode1036",0.524705174477197
"1037","barcode1037",0.510504566326529
"1038","barcode1038",0.503842454333586
"1039","barcode1039",0.514734619236584
"1040","barcode1040",0.536516090325018
"1041","barcode1041",0.508808647014362
"1042","barcode1042",0.540175313366087
"1043","barcode1043",0.487448627488033
"1044","barcode1044",0.498599560342656
"1045","barcode1045",0.479726840513982
"1046","barcode1046",0.42094707734946
"1047","barcode1047",0.440388188775511
"1048","barcode1048",0.474660302658102
"1049","barcode1049",0.542387097190728
"1050","barcode1050",0.535084409171077
"1051","barcode1051",0.53932401234568
"1052","barcode1052",0.54135992441421
"1053","barcode1053",0.508349659234064
"1054","barcode1054",0.496579759385236
"1055","barcode1055",0.526987382842026
"1056","barcode1056",0.509208393801966
"1057","barcode1057",0.518016093159486
"1058","barcode1058",0.512554632779038
"1059","barcode1059",0.524740462333082
"1060","barcode1060",0.488113178067524
"1061","barcode1061",0.518119252015621
"1062","barcode1062",0.472521523368606
"1063","barcode1063",0.497130675862938
"1064","barcode1064",0.535384872763921
"1065","barcode1065",0.533738179327287
"1066","barcode1066",0.509030407218443
"1067","barcode1067",0.494642928634417
"1068","barcode1068",0.554692090891912
"1069","barcode1069",0.510280090388008
"1070","barcode1070",0.544595707986897
"1071","barcode1071",0.51030717687075
"1072","barcode1072",0.508204075963719
"1073","barcode1073",0.504161744142101
"1074","barcode1074",0.510470425170068
"1075","barcode1075",0.513675781368103
"1076","barcode1076",0.493264698601663
"1077","barcode1077",0.4986634473419
"1078","barcode1078",0.485474025573192
"1079","barcode1079",0.502377481103553
"1080","barcode1080",0.407890432728648
"1081","barcode1081",0.487919911816578
"1082","barcode1082",0.504964033446713
"1083","barcode1083",0.559077247417485
"1084","barcode1084",0.54855511526833
"1085","barcode1085",0.552613540564374
"1086","barcode1086",0.518325329113127
"1087","barcode1087",0.540405491307634
"1088","barcode1088",0.558497382527085
"1089","barcode1089",0.522767949420509
"1090","barcode1090",0.510366883660872
"1091","barcode1091",0.542296641156461
"1092","barcode1092",0.524604592151677
"1093","barcode1093",0.534403000125976
"1094","barcode1094",0.549686444003527
"1095","barcode1095",0.440461333459308
"1096","barcode1096",0.483692338435374
"1097","barcode1097",0.42736897297808
"1098","barcode1098",0.457524338309396
"1099","barcode1099",0.503279651360545
"1100","barcode1100",0.457348533320736
"1101","barcode1101",0.401308169564124
"1102","barcode1102",0.505264173910305
"1103","barcode1103",0.492209868984631
"1104","barcode1104",0.516788469702695
"1105","barcode1105",0.521295803413959
"1106","barcode1106",0.520381650289745
"1107","barcode1107",0.520062109158478
"1108","barcode1108",0.501856385109599
"1109","barcode1109",0.448040507054672
"1110","barcode1110",0.474936077412446
"1111","barcode1111",0.505512301587302
"1112","barcode1112",0.483392880133535
"1113","barcode1113",0.498048107520786
"1114","barcode1114",0.487136714537667
"1115","barcode1115",0.471023670949861
"1116","barcode1116",0.450162356387
"1117","barcode1117",0.458262504724113
"1118","barcode1118",0.462206740677752
"1119","barcode1119",0.472665034013606
"1120","barcode1120",0.491978548122952
"1121","barcode1121",0.497973788737717
"1122","barcode1122",0.476288679138323
"1123","barcode1123",0.544979860481227
"1124","barcode1124",0.500926222285211
"1125","barcode1125",0.539135918052405
"1126","barcode1126",0.553947102859663
"1127","barcode1127",0.514333752519526
"1128","barcode1128",0.547133778974552
"1129","barcode1129",0.45071916824137
"1130","barcode1130",0.495373947782817
"1131","barcode1131",0.489453457420005
"1132","barcode1132",0.487977580309901
"1133","barcode1133",0.480032743449232
"1134","barcode1134",0.477504891660368
"1135","barcode1135",0.491579478143109
"1136","barcode1136",0.467662068531115
"1137","barcode1137",0.515978860859158
"1138","barcode1138",0.53288863063744
"1139","barcode1139",0.519089426177878
"1140","barcode1140",0.487333355064248
"1141","barcode1141",0.528412727072309
"1142","barcode1142",0.496760251007811
"1143","barcode1143",0.452644978898966
"1144","barcode1144",0.465774220521542
"1145","barcode1145",0.515606451247165
"1146","barcode1146",0.499854582388512
"1147","barcode1147",0.479397541887125
"1148","barcode1148",0.465836053476946
"1149","barcode1149",0.475052072310406
"1150","barcode1150",0.491729536092215
"1151","barcode1151",0.482387804862686
"1152","barcode1152",0.511040281872007
"1153","barcode1153",0.508380964978585
"1154","barcode1154",0.451230391471404
"1155","barcode1155",0.513821774061477
"1156","barcode1156",0.512175900100781
"1157","barcode1157",0.515959498614261
"1158","barcode1158",0.528855450050389
"1159","barcode1159",0.562694082577474
"1160","barcode1160",0.547583107835727
"1161","barcode1161",0.525508361678006
"1162","barcode1162",0.474174340199044
"1163","barcode1163",0.465957458742758
"1164","barcode1164",0.49514953483245
"1165","barcode1165",0.486940452254975
"1166","barcode1166",0.500607295918367
"1167","barcode1167",0.462459043524818
"1168","barcode1168",0.462023558201059
"1169","barcode1169",0.478076672335601
"1170","barcode1170",0.528460279982364
"1171","barcode1171",0.517534228080122
"1172","barcode1172",0.5156037260645
"1173","barcode1173",0.513404493890149
"1174","barcode1174",0.508097642353238
"1175","barcode1175",0.478275158415219
"1176","barcode1176",0.470759136117409
"1177","barcode1177",0.454051057571176
"1178","barcode1178",0.460597884227766
"1179","barcode1179",0.52481396951373
"1180","barcode1180",0.464315155895691
"1181","barcode1181",0.444777887692113
"1182","barcode1182",0.476084609158479
"1183","barcode1183",0.477094178634418
"1184","barcode1184",0.45484375818846
"1185","barcode1185",0.516358901171579
"1186","barcode1186",0.493845007558578
"1187","barcode1187",0.474921790438397
"1188","barcode1188",0.468754229024943
"1189","barcode1189",0.51671324798438
"1190","barcode1190",0.508087727387251
"1191","barcode1191",0.535189008881331
"1192","barcode1192",0.544131888070043
"1193","barcode1193",0.554902052784077
"1194","barcode1194",0.547011615961199
"1195","barcode1195",0.487590444066515
"1196","barcode1196",0.508042381582262
"1197","barcode1197",0.491317179075335
"1198","barcode1198",0.499526482111363
"1199","barcode1199",0.540135945452255
"1200","barcode1200",0.475935028344671
"1201","barcode1201",0.440180391471402
"1202","barcode1202",0.474001722726128
"1203","barcode1203",0.561057324892919
"1204","barcode1204",0.574360213844797
"1205","barcode1205",0.51165586766188
"1206","barcode1206",0.533684464285715
"1207","barcode1207",0.51378586419753
"1208","barcode1208",0.466982630700427
"1209","barcode1209",0.453969179579238
"1210","barcode1210",0.483663900856639
"1211","barcode1211",0.396211754220207
"1212","barcode1212",0.424076917044596
"1213","barcode1213",0.473315779163518
"1214","barcode1214",0.50276156431091
"1215","barcode1215",0.473893047367094
"1216","barcode1216",0.531150539178634
"1217","barcode1217",0.49495763479466
"1218","barcode1218",0.506514976064499
"1219","barcode1219",0.508967259385235
"1220","barcode1220",0.517509558453011
"1221","barcode1221",0.514071209057698
"1222","barcode1222",0.503286127173091
"1223","barcode1223",0.504450378558831
"1224","barcode1224",0.506449585537919
"1225","barcode1225",0.489829435311163
"1226","barcode1226",0.531905152431342
"1227","barcode1227",0.515854262093727
"1228","barcode1228",0.500802474804736
"1229","barcode1229",0.485533241370622
"1230","barcode1230",0.49440283856135
"1231","barcode1231",0.517388102481732
"1232","barcode1232",0.517182656525572
"1233","barcode1233",0.509480014172335
"1234","barcode1234",0.502634607583774
"1235","barcode1235",0.509424228395062
"1236","barcode1236",0.559962993197281
"1237","barcode1237",0.541483843537415
"1238","barcode1238",0.50984390495087
"1239","barcode1239",0.582719825837744
"1240","barcode1240",0.524593763227513
"1241","barcode1241",0.532596506361804
"1242","barcode1242",0.463317823759132
"1243","barcode1243",0.43548644463341
"1244","barcode1244",0.465512130574453
"1245","barcode1245",0.439170722789115
"1246","barcode1246",0.508975221088434
"1247","barcode1247",0.474714798752835
"1248","barcode1248",0.509657799508693
"1249","barcode1249",0.547855686255984
"1250","barcode1250",0.544362136873267
"1251","barcode1251",0.520393061224491
"1252","barcode1252",0.535596130952382
"1253","barcode1253",0.473926864764424
"1254","barcode1254",0.518874102418745
"1255","barcode1255",0.557299312484252
"1256","barcode1256",0.500987328042329
"1257","barcode1257",0.48677526643991
"1258","barcode1258",0.545990519652306
"1259","barcode1259",0.512170554295793
"1260","barcode1260",0.520098700869237
"1261","barcode1261",0.482630528470646
"1262","barcode1262",0.536589780486268
"1263","barcode1263",0.574338606386997
"1264","barcode1264",0.488133568594104
"1265","barcode1265",0.505729957168052
"1266","barcode1266",0.478162574326027
"1267","barcode1267",0.537555775699169
"1268","barcode1268",0.513844280045351
"1269","barcode1269",0.580858529226506
"1270","barcode1270",0.509971160871756
"1271","barcode1271",0.510792095930965
"1272","barcode1272",0.577759075018896
"1273","barcode1273",0.522513395061728
"1274","barcode1274",0.489374436255983
"1275","barcode1275",0.452745216364324
"1276","barcode1276",0.555384016124968
"1277","barcode1277",0.503693286092214
"1278","barcode1278",0.490369181468885
"1279","barcode1279",0.502385225497605
"1280","barcode1280",0.488193254283194
"1281","barcode1281",0.494091577853364
"1282","barcode1282",0.493068552532124
"1283","barcode1283",0.520432918556312
"1284","barcode1284",0.489348098702443
"1285","barcode1285",0.463304540501385
"1286","barcode1286",0.545268377110103
"1287","barcode1287",0.507518831254724
"1288","barcode1288",0.558316358024691
"1289","barcode1289",0.546998596938774
"1290","barcode1290",0.466066675799952
"1291","barcode1291",0.497351264487276
"1292","barcode1292",0.507254224615771
"1293","barcode1293",0.501539091395817
"1294","barcode1294",0.561608750314941
"1295","barcode1295",0.509710679957167
"1296","barcode1296",0.544455766880825
"1297","barcode1297",0.490700507999496
"1298","barcode1298",0.474305955845301
"1299","barcode1299",0.501214035336357
"1300","barcode1300",0.521413514424288
"1301","barcode1301",0.518999493260267
"1302","barcode1302",0.539219477513229
"1303","barcode1303",0.475737896825397
"1304","barcode1304",0.518068446712019
"1305","barcode1305",0.561135963718822
"1306","barcode1306",0.592813889203828
"1307","barcode1307",0.566770605316199
"1308","barcode1308",0.525756402746283
"1309","barcode1309",0.515465933484504
"1310","barcode1310",0.510066066389519
"1311","barcode1311",0.483814315948602
"1312","barcode1312",0.444319863630638
"1313","barcode1313",0.473379276266061
"1314","barcode1314",0.457769822373393
"1315","barcode1315",0.531839557508188
"1316","barcode1316",0.522327025069287
"1317","barcode1317",0.486345510519023
"1318","barcode1318",0.486279357520786
"1319","barcode1319",0.496302778407659
"1320","barcode1320",0.508989996850592
"1321","barcode1321",0.515754797808012
"1322","barcode1322",0.532409023053666
"1323","barcode1323",0.484165440287227
"1324","barcode1324",0.525476806815319
"1325","barcode1325",0.492117628180899
"1326","barcode1326",0.511803290186445
"1327","barcode1327",0.519476138510962
"1328","barcode1328",0.519315426429832
"1329","barcode1329",0.546613461514233
"1330","barcode1330",0.54044870275888
"1331","barcode1331",0.501336388573948
"1332","barcode1332",0.502827933673469
"1333","barcode1333",0.559423105316198
"1334","barcode1334",0.5462747537163
"1335","barcode1335",0.510831185122196
"1336","barcode1336",0.48724912005543
"1337","barcode1337",0.508309478143109
"1338","barcode1338",0.521837239229025
"1339","barcode1339",0.533183687011844
"1340","barcode1340",0.538927358591584
"1341","barcode1341",0.565404383345932
"1342","barcode1342",0.507419566641471
"1343","barcode1343",0.501535197467875
"1344","barcode1344",0.489632390715545
"1345","barcode1345",0.55256706160242
"1346","barcode1346",0.435409466490299
"1347","barcode1347",0.482900463907784
"1348","barcode1348",0.443738081380701
"1349","barcode1349",0.474962741244646
"1350","barcode1350",0.477167021919878
"1351","barcode1351",0.447322915406903
"1352","barcode1352",0.495187383471907
"1353","barcode1353",0.483512503149409
"1354","barcode1354",0.527749461766188
"1355","barcode1355",0.510678314751827
"1356","barcode1356",0.524151917359537
"1357","barcode1357",0.509456797052155
"1358","barcode1358",0.520195946082137
"1359","barcode1359",0.514119905832704
"1360","barcode1360",0.508930662320484
"1361","barcode1361",0.517156423847316
"1362","barcode1362",0.507139131393297
"1363","barcode1363",0.552261324640967
"1364","barcode1364",0.486836763038549
"1365","barcode1365",0.506388357898715
"1366","barcode1366",0.499769077223482
"1367","barcode1367",0.523611206853111
"1368","barcode1368",0.505045627676997
"1369","barcode1369",0.445101676429831
"1370","barcode1370",0.469566592655581
"1371","barcode1371",0.538838998803224
"1372","barcode1372",0.521223773305618
"1373","barcode1373",0.532851607142857
"1374","barcode1374",0.504506515810029
"1375","barcode1375",0.505941495023935
"1376","barcode1376",0.562566101347946
"1377","barcode1377",0.492923279478457
"1378","barcode1378",0.485725279037541
"1379","barcode1379",0.559164598450492
"1380","barcode1380",0.529309121630132
"1381","barcode1381",0.505829903628118
"1382","barcode1382",0.489372645502645
"1383","barcode1383",0.490929055492568
"1384","barcode1384",0.507288044532627
"1385","barcode1385",0.519000569727889
"1386","barcode1386",0.471510507054674
"1387","barcode1387",0.558729499244144
"1388","barcode1388",0.541503907470397
"1389","barcode1389",0.519400753338371
"1390","barcode1390",0.56066273872512
"1391","barcode1391",0.497244233434114
"1392","barcode1392",0.508043105001261
"1393","barcode1393",0.514299715608467
"1394","barcode1394",0.576296323381205
"1395","barcode1395",0.510801086230788
"1396","barcode1396",0.502051572184428
"1397","barcode1397",0.530981145754598
"1398","barcode1398",0.45024578073822
"1399","barcode1399",0.523656257243639
"1400","barcode1400",0.497454528218695
"1401","barcode1401",0.521364474678761
"1402","barcode1402",0.46328932382212
"1403","barcode1403",0.479852614323505
"1404","barcode1404",0.503722811476443
"1405","barcode1405",0.527867777777777
"1406","barcode1406",0.543977339380197
"1407","barcode1407",0.567714358465608
"1408","barcode1408",0.542525974111869
"1409","barcode1409",0.536921096938778
"1410","barcode1410",0.493972346308894
"1411","barcode1411",0.504736740362812
"1412","barcode1412",0.558924136747292
"1413","barcode1413",0.654386234882841
"1414","barcode1414",0.527166630763416
"1415","barcode1415",0.525607369299572
"1416","barcode1416",0.504996413139329
"1417","barcode1417",0.465999780171328
"1418","barcode1418",0.498935901360544
"1419","barcode1419",0.502856839569161
"1420","barcode1420",0.529176671705721
"1421","barcode1421",0.504700846245904
"1422","barcode1422",0.523368592529605
"1423","barcode1423",0.497942688334593
"1424","barcode1424",0.531044953703705
"1425","barcode1425",0.521954302721089
"1426","barcode1426",0.504962982489291
"1427","barcode1427",0.585564157533384
"1428","barcode1428",0.520942673532376
"1429","barcode1429",0.488902180335096
"1430","barcode1430",0.527687607079869
"1431","barcode1431",0.478672957294029
"1432","barcode1432",0.468259348387503
"1433","barcode1433",0.501917917296549
"1434","barcode1434",0.47685885361552
"1435","barcode1435",0.492968257747543
"1436","barcode1436",0.511141880511464
"1437","barcode1437",0.53656570830184
"1438","barcode1438",0.563841880511464
"1439","barcode1439",0.509247085852859
"1440","barcode1440",0.523727215608465
"1441","barcode1441",0.560721165595868
"1442","barcode1442",0.536002633534896
"1443","barcode1443",0.532932630385488
"1444","barcode1444",0.515706395187705
"1445","barcode1445",0.580163348450491
"1446","barcode1446",0.569771277084907
"1447","barcode1447",0.499898901801461
"1448","barcode1448",0.541032361740993
"1449","barcode1449",0.553936951058201
"1450","barcode1450",0.513674025258251
"1451","barcode1451",0.452290997732427
"1452","barcode1452",0.463149499244142
"1453","barcode1453",0.528837509133283
"1454","barcode1454",0.491915599332325
"1455","barcode1455",0.486355552091207
"1456","barcode1456",0.49503041414714
"1457","barcode1457",0.474579663643237
"1458","barcode1458",0.483526413769212
"1459","barcode1459",0.500975225182666
"1460","barcode1460",0.516471497228521
"1461","barcode1461",0.503939833396321
"1462","barcode1462",0.540394247921391
"1463","barcode1463",0.563162339695139
"1464","barcode1464",0.447488354434368
"1465","barcode1465",0.519143030360293
"1466","barcode1466",0.482958685122196
"1467","barcode1467",0.430228436004032
"1468","barcode1468",0.494979872134039
"1469","barcode1469",0.508552212144116
"1470","barcode1470",0.485872005542958
"1471","barcode1471",0.544407406147645
"1472","barcode1472",0.498519541761148
"1473","barcode1473",0.522611515180147
"1474","barcode1474",0.546469866150164
"1475","barcode1475",0.529250550831445
"1476","barcode1476",0.549023361992945
"1477","barcode1477",0.535556688397581
"1478","barcode1478",0.49704914430587
"1479","barcode1479",0.52986742472915
"1480","barcode1480",0.565105987024441
"1481","barcode1481",0.501543015243135
"1482","barcode1482",0.494512756676745
"1483","barcode1483",0.489271275825146
"1484","barcode1484",0.501227111048123
"1485","barcode1485",0.468338065318721
"1486","barcode1486",0.503190150541696
"1487","barcode1487",0.521356793587806
"1488","barcode1488",0.506197602040816
"1489","barcode1489",0.472059871819099
"1490","barcode1490",0.477102776832956
"1491","barcode1491",0.529205388951877
"1492","barcode1492",0.545475927500628
"1493","barcode1493",0.539818514109345
"1494","barcode1494",0.512454359410431
"1495","barcode1495",0.488400521541952
"1496","barcode1496",0.487305045666416
"1497","barcode1497",0.549704834656086
"1498","barcode1498",0.430488939909296
"1499","barcode1499",0.506627576530613
"1500","barcode1500",0.489450595553037
"1501","barcode1501",0.490209756235828
"1502","barcode1502",0.529369106198035
"1503","barcode1503",0.526532380007558
"1504","barcode1504",0.535469171075837
"1505","barcode1505",0.54717847537163
"1506","barcode1506",0.519094990236834
"1507","barcode1507",0.499490113063745
"1508","barcode1508",0.551191980347695
"1509","barcode1509",0.547685587679517
"1510","barcode1510",0.55010929516251
"1511","barcode1511",0.495139793398841
"1512","barcode1512",0.492879699231544
"1513","barcode1513",0.510045757117661
"1514","barcode1514",0.468431099773243
"1515","barcode1515",0.466781892794154
"1516","barcode1516",0.473946646195515
"1517","barcode1517",0.442503310657598
"1518","barcode1518",0.478446485890652
"1519","barcode1519",0.48884539808516
"1520","barcode1520",0.530802992252456
"1521","barcode1521",0.454245471781305
"1522","barcode1522",0.524813771415974
"1523","barcode1523",0.505856020408163
"1524","barcode1524",0.511193489543965
"1525","barcode1525",0.52195874968506
"1526","barcode1526",0.563433979276897
"1527","barcode1527",0.513007590702948
"1528","barcode1528",0.531459405391786
"1529","barcode1529",0.463623027840765
"1530","barcode1530",0.527106595490048
"1531","barcode1531",0.497638545918369
"1532","barcode1532",0.483056854371379
"1533","barcode1533",0.510576089065257
"1534","barcode1534",0.5161160755228
"1535","barcode1535",0.509191065444697
"1536","barcode1536",0.538424280990173
"1537","barcode1537",0.546471259763165
"1538","barcode1538",0.534766364008567
"1539","barcode1539",0.499891302910053
"1540","barcode1540",0.518816410619804
"1541","barcode1541",0.559191440224237
"1542","barcode1542",0.521154682854624
"1543","barcode1543",0.561449985512726
"1544","barcode1544",0.548949892290249
"1545","barcode1545",0.543688236331569
"1546","barcode1546",0.501447728017133
"1547","barcode1547",0.504528579931973
"1548","barcode1548",0.468588116339128
"1549","barcode1549",0.500274603804485
"1550","barcode1550",0.515469469324768
"1551","barcode1551",0.515551498173344
"1552","barcode1552",0.44884082797934
"1553","barcode1553",0.463999292328043
"1554","barcode1554",0.471835898211136
"1555","barcode1555",0.480036852796673
"1556","barcode1556",0.510107629440665
"1557","barcode1557",0.511680753023432
"1558","barcode1558",0.543422119866467
"1559","barcode1559",0.506781450302343
"1560","barcode1560",0.558413413328295
"1561","barcode1561",0.447220207231039
"1562","barcode1562",0.514209665217938
"1563","barcode1563",0.51105067680776
"1564","barcode1564",0.499955867346939
"1565","barcode1565",0.441047294973546
"1566","barcode1566",0.513632102859663
"1567","barcode1567",0.532984643487025
"1568","barcode1568",0.521873725749558
"1569","barcode1569",0.517361100403123
"1570","barcode1570",0.590743542454018
"1571","barcode1571",0.513296288422776
"1572","barcode1572",0.500150189279416
"1573","barcode1573",0.537570341395817
"1574","barcode1574",0.494582443310659
"1575","barcode1575",0.521444796233308
"1576","barcode1576",0.537619247606451
"1577","barcode1577",0.553413282312924
"1578","barcode1578",0.547976237717309
"1579","barcode1579",0.521696689657345
"1580","barcode1580",0.479866187011842
"1581","barcode1581",0.513615567523306
"1582","barcode1582",0.533945800579491
"1583","barcode1583",0.51363648494583
"1584","barcode1584",0.525722300327537
"1585","barcode1585",0.485801967750063
"1586","barcode1586",0.468406205593348
"1587","barcode1587",0.445449589002267
"1588","barcode1588",0.430830369740488
"1589","barcode1589",0.438222262849585
"1590","barcode1590",0.488657876354246
"1591","barcode1591",0.523289001637692
"1592","barcode1592",0.489561367787856
"1593","barcode1593",0.504955973481985
"1594","barcode1594",0.494472366780046
"1595","barcode1595",0.513306164336104
"1596","barcode1596",0.458048233812044
"1597","barcode1597",0.457454698286722
"1598","barcode1598",0.487671193625599
"1599","barcode1599",0.494509876543209
"1600","barcode1600",0.491929654195012
"1601","barcode1601",0.506531133786849
"1602","barcode1602",0.537340294784579
"1603","barcode1603",0.597940001889642
"1604","barcode1604",0.537179641597379
"1605","barcode1605",0.535960073066264
"1606","barcode1606",0.498752699357521
"1607","barcode1607",0.517048602607709
"1608","barcode1608",0.571109090136054
"1609","barcode1609",0.541788434429328
"1610","barcode1610",0.490136008440414
"1611","barcode1611",0.533071480536661
"1612","barcode1612",0.468798180901989
"1613","barcode1613",0.479329779226507
"1614","barcode1614",0.470317049004788
"1615","barcode1615",0.491417751322753
"1616","barcode1616",0.527367395754598
"1617","barcode1617",0.505123316956412
"1618","barcode1618",0.473066751385738
"1619","barcode1619",0.424038071302593
"1620","barcode1620",0.529882063177122
"1621","barcode1621",0.429082180020156
"1622","barcode1622",0.484328807949106
"1623","barcode1623",0.510190230536659
"1624","barcode1624",0.536474302721089
"1625","barcode1625",0.516762075459813
"1626","barcode1626",0.49388852670698
"1627","barcode1627",0.486728265936003
"1628","barcode1628",0.524166935941044
"1629","barcode1629",0.44052558484505
"1630","barcode1630",0.520260252582514
"1631","barcode1631",0.512475527210884
"1632","barcode1632",0.523427241748552
"1633","barcode1633",0.525093126102293
"1634","barcode1634",0.567004031557068
"1635","barcode1635",0.541840030864198
"1636","barcode1636",0.521456403061225
"1637","barcode1637",0.65314778691106
"1638","barcode1638",0.536937525825145
"1639","barcode1639",0.593993885739484
"1640","barcode1640",0.508676885865458
"1641","barcode1641",0.536823510959939
"1642","barcode1642",0.520032929579239
"1643","barcode1643",0.539296415973797
"1644","barcode1644",0.472135629881583
"1645","barcode1645",0.507324084782062
"1646","barcode1646",0.461985482489293
"1647","barcode1647",0.522512120811288
"1648","barcode1648",0.487460048500881
"1649","barcode1649",0.501516168430336
"1650","barcode1650",0.519518880385487
"1651","barcode1651",0.511329657659359
"1652","barcode1652",0.485685989543966
"1653","barcode1653",0.434968874401612
"1654","barcode1654",0.477787582829428
"1655","barcode1655",0.475169572625345
"1656","barcode1656",0.479660743260266
"1657","barcode1657",0.500776471403375
"1658","barcode1658",0.494960644998742
"1659","barcode1659",0.510199684429327
"1660","barcode1660",0.432500632716048
"1661","barcode1661",0.476462757621567
"1662","barcode1662",0.485506080561854
"1663","barcode1663",0.493612974615771
"1664","barcode1664",0.498305317460318
"1665","barcode1665",0.481386678319477
"1666","barcode1666",0.509084442869739
"1667","barcode1667",0.567927163958176
"1668","barcode1668",0.51751722537163
"1669","barcode1669",0.61980280643739
"1670","barcode1670",0.602986843033509
"1671","barcode1671",0.584475232111362
"1672","barcode1672",0.530627392605191
"1673","barcode1673",0.553650039367599
"1674","barcode1674",0.49180323633157
"1675","barcode1675",0.525279087616529
"1676","barcode1676",0.492461666981608
"1677","barcode1677",0.41365119394054
"1678","barcode1678",0.49538697814311
"1679","barcode1679",0.51407632149156
"1680","barcode1680",0.522253774565381
"1681","barcode1681",0.495393553162006
"1682","barcode1682",0.510400972852105
"1683","barcode1683",0.509739504598136
"1684","barcode1684",0.472763332703452
"1685","barcode1685",0.49087463372386
"1686","barcode1686",0.497795121567146
"1687","barcode1687",0.501052892416225
"1688","barcode1688",0.475172391345427
"1689","barcode1689",0.516414088246409
"1690","barcode1690",0.46403572436382
"1691","barcode1691",0.496037643927942
"1692","barcode1692",0.533862514802218
"1693","barcode1693",0.540907784391535
"1694","barcode1694",0.515069193436635
"1695","barcode1695",0.494643578042328
"1696","barcode1696",0.528339390589569
"1697","barcode1697",0.582334233119176
"1698","barcode1698",0.524375139518771
"1699","barcode1699",0.52512205813807
"1700","barcode1700",0.566793356638952
"1701","barcode1701",0.54468814121945
"1702","barcode1702",0.556307963277903
"1703","barcode1703",0.600501515495087
"1704","barcode1704",0.54092695452255
"1705","barcode1705",0.51909487244898
"1706","barcode1706",0.499583345616023
"1707","barcode1707",0.517635906399597
"1708","barcode1708",0.509720010078106
"1709","barcode1709",0.476507783131772
"1710","barcode1710",0.446899938586547
"1711","barcode1711",0.489474193436634
"1712","barcode1712",0.50529306531872
"1713","barcode1713",0.478503909989921
"1714","barcode1714",0.488577175925927
"1715","barcode1715",0.40301983623079
"1716","barcode1716",0.498174934177375
"1717","barcode1717",0.483833172713528
"1718","barcode1718",0.485095917107583
"1719","barcode1719",0.513823699609473
"1720","barcode1720",0.533574557508189
"1721","barcode1721",0.554007074829931
"1722","barcode1722",0.499103562295288
"1723","barcode1723",0.510201461955153
"1724","barcode1724",0.528580622952886
"1725","barcode1725",0.475367783446712
"1726","barcode1726",0.482259411060719
"1727","barcode1727",0.499216882086169
"1728","barcode1728",0.470194353111616
"1729","barcode1729",0.520539190602167
"1730","barcode1730",0.493857849584278
"1731","barcode1731",0.478954640337617
"1732","barcode1732",0.493996548248929
"1733","barcode1733",0.526533861174099
"1734","barcode1734",0.523573824326027
"1735","barcode1735",0.504086840199042
"1736","barcode1736",0.547003267195767
"1737","barcode1737",0.517560619173596
"1738","barcode1738",0.48082997165533
"1739","barcode1739",0.50115266723356
"1740","barcode1740",0.485817365205342
"1741","barcode1741",0.502277363000755
"1742","barcode1742",0.439846545099521
"1743","barcode1743",0.472502865646258
"1744","barcode1744",0.433749594986142
"1745","barcode1745",0.507775427374653
"1746","barcode1746",0.453828912824387
"1747","barcode1747",0.488981118984631
"1748","barcode1748",0.491414310909549
"1749","barcode1749",0.490598345930963
"1750","barcode1750",0.559418607646761
"1751","barcode1751",0.508898442932727
"1752","barcode1752",0.540671339128244
"1753","barcode1753",0.525460471781305
"1754","barcode1754",0.509646840513984
"1755","barcode1755",0.500445497921392
"1756","barcode1756",0.499648394116908
"1757","barcode1757",0.523688773305618
"1758","barcode1758",0.482118283572689
"1759","barcode1759",0.477345065507684
"1760","barcode1760",0.504221002456539
"1761","barcode1761",0.517459826782565
"1762","barcode1762",0.4788082404258
"1763","barcode1763",0.472739710254473
"1764","barcode1764",0.492757090576971
"1765","barcode1765",0.511732933358529
"1766","barcode1766",0.468578661816579
"1767","barcode1767",0.483570227387251
"1768","barcode1768",0.510422184744267
"1769","barcode1769",0.520005078735198
"1770","barcode1770",0.533582123960695
"1771","barcode1771",0.502419630889392
"1772","barcode1772",0.503522064436886
"1773","barcode1773",0.496547526140086
"1774","barcode1774",0.513428227828167
"1775","barcode1775",0.427063089569159
"1776","barcode1776",0.56232019053918
"1777","barcode1777",0.537450057319224
"1778","barcode1778",0.537602578420257
"1779","barcode1779",0.5733169186193
"1780","barcode1780",0.478237173406399
"1781","barcode1781",0.455240050390528
"1782","barcode1782",0.503223411123709
"1783","barcode1783",0.560437685500127
"1784","barcode1784",0.520919024943311
"1785","barcode1785",0.534613997543461
"1786","barcode1786",0.522784594671202
"1787","barcode1787",0.483366268581507
"1788","barcode1788",0.523352165217939
"1789","barcode1789",0.557296807760139
"1790","barcode1790",0.537643235701689
"1791","barcode1791",0.509464870874275
"1792","barcode1792",0.462127702191988
"1793","barcode1793",0.477409717498111
"1794","barcode1794",0.434270768770469
"1795","barcode1795",0.38942922461577
"1796","barcode1796",0.455219607268834
"1797","barcode1797",0.444357666288738
"1798","barcode1798",0.471674278785589
"1799","barcode1799",0.434886986016627
"1800","barcode1800",0.436798310657595
"1801","barcode1801",0.516838377425043
"1802","barcode1802",0.494649128243893
"1803","barcode1803",0.510975742000504
"1804","barcode1804",0.483483434429328
"1805","barcode1805",0.503138795666415
"1806","barcode1806",0.530029746472663
"1807","barcode1807",0.528628521982866
"1808","barcode1808",0.54366830782313
"1809","barcode1809",0.514969131078357
"1810","barcode1810",0.507573276014109
"1811","barcode1811",0.528581322121442
"1812","barcode1812",0.461577970836483
"1813","barcode1813",0.447208589695135
"1814","barcode1814",0.460429262723607
"1815","barcode1815",0.476435691295036
"1816","barcode1816",0.550483822751321
"1817","barcode1817",0.530409099269337
"1818","barcode1818",0.542601648085161
"1819","barcode1819",0.508985771289997
"1820","barcode1820",0.502695431468884
"1821","barcode1821",0.527438500566893
"1822","barcode1822",0.555136840199044
"1823","barcode1823",0.603465345175111
"1824","barcode1824",0.518026937515747
"1825","barcode1825",0.519241148904006
"1826","barcode1826",0.514600560909549
"1827","barcode1827",0.509225386747292
"1828","barcode1828",0.428114532312926
"1829","barcode1829",0.513893229402872
"1830","barcode1830",0.474758460884353
"1831","barcode1831",0.4700096494709
"1832","barcode1832",0.516398137755103
"1833","barcode1833",0.433968349395313
"1834","barcode1834",0.493569411690601
"1835","barcode1835",0.479881275510204
"1836","barcode1836",0.48537995244394
"1837","barcode1837",0.488807783446712
"1838","barcode1838",0.532094168556312
"1839","barcode1839",0.519818637251197
"1840","barcode1840",0.52831094702696
"1841","barcode1841",0.517952399533887
"1842","barcode1842",0.487909247921391
"1843","barcode1843",0.49394635361552
"1844","barcode1844",0.521949380511464
"1845","barcode1845",0.437622326152683
"1846","barcode1846",0.499510953325775
"1847","barcode1847",0.498020321869489
"1848","barcode1848",0.485504604749307
"1849","barcode1849",0.558355563429075
"1850","barcode1850",0.52308063303099
"1851","barcode1851",0.53790606764928
"1852","barcode1852",0.494275626102294
"1853","barcode1853",0.508107616528093
"1854","barcode1854",0.522453617094987
"1855","barcode1855",0.541701565255733
"1856","barcode1856",0.547557286785082
"1857","barcode1857",0.529164647896194
"1858","barcode1858",0.510797285840262
"1859","barcode1859",0.516028675673973
"1860","barcode1860",0.508119698916603
"1861","barcode1861",0.49911318058705
"1862","barcode1862",0.491622035147391
"1863","barcode1863",0.45178129377677
"1864","barcode1864",0.441515777903754
"1865","barcode1865",0.453950093222473
"1866","barcode1866",0.490426076782564
"1867","barcode1867",0.502634933862432
"1868","barcode1868",0.474225287226001
"1869","barcode1869",0.493953838498362
"1870","barcode1870",0.481707354812294
"1871","barcode1871",0.493062657155455
"1872","barcode1872",0.512525983875031
"1873","barcode1873",0.559519525384228
"1874","barcode1874",0.528482557004283
"1875","barcode1875",0.49320515526581
"1876","barcode1876",0.49505178287982
"1877","barcode1877",0.483069313744015
"1878","barcode1878",0.48255355473671
"1879","barcode1879",0.485086788548753
"1880","barcode1880",0.496567727072311
"1881","barcode1881",0.475009032816831
"1882","barcode1882",0.484477785966238
"1883","barcode1883",0.541572262849583
"1884","barcode1884",0.521321755794911
"1885","barcode1885",0.518004801902241
"1886","barcode1886",0.525724457986899
"1887","barcode1887",0.495712313555052
"1888","barcode1888",0.551526885550514
"1889","barcode1889",0.557083513164524
"1890","barcode1890",0.523241855946082
"1891","barcode1891",0.564853074137062
"1892","barcode1892",0.537999221781306
"1893","barcode1893",0.533994663013353
"1894","barcode1894",0.462194691358025
"1895","barcode1895",0.509017024439406
"1896","barcode1896",0.499717299697656
"1897","barcode1897",0.530408437578738
"1898","barcode1898",0.450172357016881
"1899","barcode1899",0.444770095742001
"1900","barcode1900",0.454563438838497
"1901","barcode1901",0.475077357331821
"1902","barcode1902",0.442964564121946
"1903","barcode1903",0.477602243638196
"1904","barcode1904",0.503414435311162
"1905","barcode1905",0.513936890904509
"1906","barcode1906",0.507774157218442
"1907","barcode1907",0.544287187578735
"1908","barcode1908",0.577459521919879
"1909","barcode1909",0.49858976158982
"1910","barcode1910",0.46722924351222
"1911","barcode1911",0.461002768329554
"1912","barcode1912",0.45344911218191
"1913","barcode1913",0.482800687830688
"1914","barcode1914",0.447888624023684
"1915","barcode1915",0.490597394179892
"1916","barcode1916",0.510327014991182
"1917","barcode1917",0.538378279163517
"1918","barcode1918",0.452311486520535
"1919","barcode1919",0.494747394809776
"1920","barcode1920",0.501070958364827
"1921","barcode1921",0.584950962459057
"1922","barcode1922",0.537175584530107
"1923","barcode1923",0.49779288643235
"1924","barcode1924",0.520775309271857
"1925","barcode1925",0.513086304799698
"1926","barcode1926",0.515169895754598
"1927","barcode1927",0.465798444822373
"1928","barcode1928",0.52702881771227
"1929","barcode1929",0.498423298374906
"1930","barcode1930",0.51910344324767
"1931","barcode1931",0.604792720773498
"1932","barcode1932",0.472846725245653
"1933","barcode1933",0.422587776518014
"1934","barcode1934",0.44500477261275
"1935","barcode1935",0.457254979843789
"1936","barcode1936",0.460307253716301
"1937","barcode1937",0.508779687578736
"1938","barcode1938",0.566258130196522
"1939","barcode1939",0.595253549382715
"1940","barcode1940",0.594306948223736
"1941","barcode1941",0.559418102166793
"1942","barcode1942",0.506329942050894
"1943","barcode1943",0.460478736142607
"1944","barcode1944",0.501099503653313
"1945","barcode1945",0.504083043902746
"1946","barcode1946",0.487917925170067
"1947","barcode1947",0.497492503149408
"1948","barcode1948",0.504170328798186
"1949","barcode1949",0.51663369016125
"1950","barcode1950",0.565285499181154
"1951","barcode1951",0.522918298059963
"1952","barcode1952",0.50344029069035
"1953","barcode1953",0.505514570420761
"1954","barcode1954",0.507724398148148
"1955","barcode1955",0.489364618921643
"1956","barcode1956",0.47412042579995
"1957","barcode1957",0.549918613315696
"1958","barcode1958",0.552636440224237
"1959","barcode1959",0.505946630763415
"1960","barcode1960",0.505619282564877
"1961","barcode1961",0.584560459498615
"1962","barcode1962",0.558830672083648
"1963","barcode1963",0.531589363819602
"1964","barcode1964",0.56223408446712
"1965","barcode1965",0.563528613315696
"1966","barcode1966",0.487366402116404
"1967","barcode1967",0.465695165973798
"1968","barcode1968",0.433458469387754
"1969","barcode1969",0.496053167989418
"1970","barcode1970",0.510310620433358
"1971","barcode1971",0.547646607142857
"1972","barcode1972",0.634959515936002
"1973","barcode1973",0.578593468757874
"1974","barcode1974",0.593270454459562
"1975","barcode1975",0.562953289241622
"1976","barcode1976",0.508291243386243
"1977","barcode1977",0.522571290942303
"1978","barcode1978",0.576748532060973
"1979","barcode1979",0.49930352670698
"1980","barcode1980",0.496392285840262
"1981","barcode1981",0.532998431909801
"1982","barcode1982",0.525451757054675
"1983","barcode1983",0.53395746819098
"1984","barcode1984",0.535093323885109
"1985","barcode1985",0.504763668430335
"1986","barcode1986",0.495534564751827
"1987","barcode1987",0.508794107457797
"1988","barcode1988",0.486193401675485
"1989","barcode1989",0.482732683925422
"1990","barcode1990",0.546214832451499
"1991","barcode1991",0.529548834404132
"1992","barcode1992",0.528512817460318
"1993","barcode1993",0.554094638447973
"1994","barcode1994",0.52948315255732
"1995","barcode1995",0.526922185689092
"1996","barcode1996",0.482738357583775
"1997","barcode1997",0.527209007306627
"1998","barcode1998",0.5274776590451
"1999","barcode1999",0.5235433515999
"2000","barcode2000",0.480726810279666
"2001","barcode2001",0.443314673091457
"2002","barcode2002",0.459926867598891
"2003","barcode2003",0.538847304106829
"2004","barcode2004",0.54922755542958
"2005","barcode2005",0.619906189531368
"2006","barcode2006",0.692920580750818
"2007","barcode2007",0.57505204617032
"2008","barcode2008",0.536248116654069
"2009","barcode2009",0.52773376984127
"2010","barcode2010",0.506537777462837
"2011","barcode2011",0.544905661690602
"2012","barcode2012",0.448016923343411
"2013","barcode2013",0.495617260644999
"2014","barcode2014",0.567288436004031
"2015","barcode2015",0.595221431090955
"2016","barcode2016",0.553479396573445
"2017","barcode2017",0.489646372511967
"2018","barcode2018",0.558321403376165
"2019","barcode2019",0.490187200806249
"2020","barcode2020",0.48377581601159
"2021","barcode2021",0.474797140337617
"2022","barcode2022",0.490673500881833
"2023","barcode2023",0.505381592025699
"2024","barcode2024",0.511902387566138
"2025","barcode2025",0.492780011022928
"2026","barcode2026",0.503951017888639
"2027","barcode2027",0.535207140337617
"2028","barcode2028",0.541227964537667
"2029","barcode2029",0.512557139077856
"2030","barcode2030",0.478844973859914
"2031","barcode2031",0.485726268266566
"2032","barcode2032",0.508586340702948
"2033","barcode2033",0.482319970710506
"2034","barcode2034",0.470761457545981
"2035","barcode2035",0.496087111363065
"2036","barcode2036",0.439013101536909
"2037","barcode2037",0.501565788926681
"2038","barcode2038",0.491331275825145
"2039","barcode2039",0.555213752204586
"2040","barcode2040",0.53982851568405
"2041","barcode2041",0.517308438523558
"2042","barcode2042",0.506937207734947
"2043","barcode2043",0.514164950869236
"2044","barcode2044",0.506262901864449
"2045","barcode2045",0.511012188838498
"2046","barcode2046",0.494131545414462
"2047","barcode2047",0.583234114386496
"2048","barcode2048",0.541394457042076
"2049","barcode2049",0.542298365142353
"2050","barcode2050",0.47539275825145
"2051","barcode2051",0.507808004850088
"2052","barcode2052",0.506146788233811
"2053","barcode2053",0.494690927500629
"2054","barcode2054",0.455821028281681
"2055","barcode2055",0.487367647392292
"2056","barcode2056",0.520476604623332
"2057","barcode2057",0.501704528218694
"2058","barcode2058",0.477566916729654
"2059","barcode2059",0.479383548752835
"2060","barcode2060",0.525590649722853
"2061","barcode2061",0.502226042454019
"2062","barcode2062",0.529761339128245
"2063","barcode2063",0.500069726316451
"2064","barcode2064",0.489273158856136
"2065","barcode2065",0.487919692932729
"2066","barcode2066",0.513411292202066
"2067","barcode2067",0.480899641912321
"2068","barcode2068",0.471858146573444
"2069","barcode2069",0.48517888573948
"2070","barcode2070",0.472790479654825
"2071","barcode2071",0.517332474174855
"2072","barcode2072",0.484064168241369
"2073","barcode2073",0.513492238599144
"2074","barcode2074",0.533790678697405
"2075","barcode2075",0.455730880889393
"2076","barcode2076",0.502605764046358
"2077","barcode2077",0.522088600403125
"2078","barcode2078",0.546968966679265
"2079","barcode2079",0.498922737780297
"2080","barcode2080",0.53054086419753
"2081","barcode2081",0.50485942617788
"2082","barcode2082",0.516734103048627
"2083","barcode2083",0.490224676555808
"2084","barcode2084",0.510106433925423
"2085","barcode2085",0.492123659926933
"2086","barcode2086",0.408537938082638
"2087","barcode2087",0.496924651360544
"2088","barcode2088",0.54929541792643
"2089","barcode2089",0.440247612748803
"2090","barcode2090",0.515336407785336
"2091","barcode2091",0.49399953042328
"2092","barcode2092",0.480261042139078
"2093","barcode2093",0.484159086986648
"2094","barcode2094",0.527672370874277
"2095","barcode2095",0.513712832262535
"2096","barcode2096",0.503476927752583
"2097","barcode2097",0.509483883219956
"2098","barcode2098",0.494241704774503
"2099","barcode2099",0.479590423280423
"2100","barcode2100",0.483509806626354
"2101","barcode2101",0.451252865961198
"2102","barcode2102",0.479846981292517
"2103","barcode2103",0.430720403439155
"2104","barcode2104",0.490672697467876
"2105","barcode2105",0.474594012345679
"2106","barcode2106",0.568189821743515
"2107","barcode2107",0.598772737780298
"2108","barcode2108",0.531829105883094
"2109","barcode2109",0.507746162131519
"2110","barcode2110",0.500751720521541
"2111","barcode2111",0.536338949357521
"2112","barcode2112",0.528801803665911
"2113","barcode2113",0.528186351095994
"2114","barcode2114",0.50915727702192
"2115","barcode2115",0.516220753023432
"2116","barcode2116",0.549631788548754
"2117","barcode2117",0.520748844482237
"2118","barcode2118",0.453010686255983
"2119","barcode2119",0.48864586829176
"2120","barcode2120",0.575103646384479
"2121","barcode2121",0.533784381456286
"2122","barcode2122",0.510420222348198
"2123","barcode2123",0.467284847253715
"2124","barcode2124",0.550118090828925
"2125","barcode2125",0.524705174477197
"2126","barcode2126",0.510504566326529
"2127","barcode2127",0.503842454333586
"2128","barcode2128",0.514734619236584
"2129","barcode2129",0.536516090325018
"2130","barcode2130",0.508808647014362
"2131","barcode2131",0.540175313366087
"2132","barcode2132",0.487448627488033
"2133","barcode2133",0.498599560342656
"2134","barcode2134",0.479726840513982
"2135","barcode2135",0.42094707734946
"2136","barcode2136",0.440388188775511
"2137","barcode2137",0.474660302658102
"2138","barcode2138",0.542387097190728
"2139","barcode2139",0.535084409171077
"2140","barcode2140",0.53932401234568
"2141","barcode2141",0.54135992441421
"2142","barcode2142",0.508349659234064
"2143","barcode2143",0.496579759385236
"2144","barcode2144",0.526987382842026
"2145","barcode2145",0.509208393801966
"2146","barcode2146",0.518016093159486
"2147","barcode2147",0.512554632779038
"2148","barcode2148",0.524740462333082
"2149","barcode2149",0.488113178067524
"2150","barcode2150",0.518119252015621
"2151","barcode2151",0.472521523368606
"2152","barcode2152",0.497130675862938
"2153","barcode2153",0.535384872763921
"2154","barcode2154",0.533738179327287
"2155","barcode2155",0.509030407218443
"2156","barcode2156",0.494642928634417
"2157","barcode2157",0.554692090891912
"2158","barcode2158",0.510280090388008
"2159","barcode2159",0.544595707986897
"2160","barcode2160",0.51030717687075
"2161","barcode2161",0.508204075963719
"2162","barcode2162",0.504161744142101
"2163","barcode2163",0.510470425170068
"2164","barcode2164",0.513675781368103
"2165","barcode2165",0.493264698601663
"2166","barcode2166",0.4986634473419
"2167","barcode2167",0.485474025573192
"2168","barcode2168",0.502377481103553
"2169","barcode2169",0.407890432728648
"2170","barcode2170",0.487919911816578
"2171","barcode2171",0.504964033446713
"2172","barcode2172",0.559077247417485
"2173","barcode2173",0.54855511526833
"2174","barcode2174",0.552613540564374
"2175","barcode2175",0.518325329113127
"2176","barcode2176",0.540405491307634
"2177","barcode2177",0.558497382527085
"2178","barcode2178",0.522767949420509
